global_rank_accuracy,global_rank_macro_f1,model_rank_accuracy,model_rank_macro_f1,model_name,run_group,input_scheme,run_name,run_dir,completed_epoch,total_epochs,best_epoch,best_val_macro_f1,status,batch_size,learning_rate,min_learning_rate,weight_decay,scheduler,early_stopping,checkpoint_interval,accuracy,balanced_accuracy,macro_f1,macro_precision,macro_recall,test_loss,metrics_path,confusion_matrix_path,confusion_matrix_image_path
1,1,1,1,efficientnet_v2_s,efficientnet,multibranch_13lead_individual,efficientnet_v2_s_multibranch_13lead_individual,runs/efficientnet/20260622_033048_efficientnet_v2_s_multibranch_13lead_individual,50,50,29,1.0,complete,8,0.0001,1e-06,1e-05,cosine,False,10,0.993006993006993,0.9928571428571429,0.9916598304621274,0.9907407407407407,0.9928571428571429,0.03197001577287805,runs/efficientnet/20260622_033048_efficientnet_v2_s_multibranch_13lead_individual/metrics/test_metrics.json,runs/efficientnet/20260622_033048_efficientnet_v2_s_multibranch_13lead_individual/metrics/confusion_matrix.csv,runs/efficientnet/20260622_033048_efficientnet_v2_s_multibranch_13lead_individual/plots/confusion_matrix.png
2,2,1,1,mobilenet_v2,mobilenet,single_clean_image,mobilenet_v2_single_clean_image,runs/mobilenet/20260621_184656_mobilenet_v2_single_clean_image,50,50,25,0.9204304175627025,complete,8,0.0001,1e-06,1e-05,cosine,False,10,0.951048951048951,0.9498168498168498,0.9512345679012345,0.9560897435897435,0.9498168498168498,0.1929881595648252,runs/mobilenet/20260621_184656_mobilenet_v2_single_clean_image/metrics/test_metrics.json,runs/mobilenet/20260621_184656_mobilenet_v2_single_clean_image/metrics/confusion_matrix.csv,runs/mobilenet/20260621_184656_mobilenet_v2_single_clean_image/plots/confusion_matrix.png
3,3,2,2,efficientnet_v2_s,efficientnet,stacked_13lead_individual,efficientnet_v2_s_stacked_13lead_individual,runs/efficientnet/20260622_061523_efficientnet_v2_s_stacked_13lead_individual,50,50,7,0.9193772893772895,complete,8,0.0001,1e-06,1e-05,cosine,False,10,0.9440559440559441,0.9379120879120879,0.938932650519398,0.9456264775413712,0.9379120879120879,0.1939895836611187,runs/efficientnet/20260622_061523_efficientnet_v2_s_stacked_13lead_individual/metrics/test_metrics.json,runs/efficientnet/20260622_061523_efficientnet_v2_s_stacked_13lead_individual/metrics/confusion_matrix.csv,runs/efficientnet/20260622_061523_efficientnet_v2_s_stacked_13lead_individual/plots/confusion_matrix.png
4,4,2,2,mobilenet_v2,mobilenet,multibranch_13lead_individual,mobilenet_v2_multibranch_13lead_individual,runs/mobilenet/20260621_210532_mobilenet_v2_multibranch_13lead_individual,50,50,37,0.9916598304621274,complete,8,0.0001,1e-06,1e-05,cosine,False,10,0.916083916083916,0.9164835164835166,0.9169666082709561,0.9264835164835166,0.9164835164835166,0.19428708844564177,runs/mobilenet/20260621_210532_mobilenet_v2_multibranch_13lead_individual/metrics/test_metrics.json,runs/mobilenet/20260621_210532_mobilenet_v2_multibranch_13lead_individual/metrics/confusion_matrix.csv,runs/mobilenet/20260621_210532_mobilenet_v2_multibranch_13lead_individual/plots/confusion_matrix.png
5,5,3,3,mobilenet_v2,mobilenet,stacked_13lead_individual,mobilenet_v2_stacked_13lead_individual,runs/mobilenet/20260621_231004_mobilenet_v2_stacked_13lead_individual,50,50,42,0.9331171107994389,complete,8,0.0001,1e-06,1e-05,cosine,False,10,0.916083916083916,0.9093406593406594,0.9088164251207729,0.9242857142857143,0.9093406593406594,0.49504257165468657,runs/mobilenet/20260621_231004_mobilenet_v2_stacked_13lead_individual/metrics/test_metrics.json,runs/mobilenet/20260621_231004_mobilenet_v2_stacked_13lead_individual/metrics/confusion_matrix.csv,runs/mobilenet/20260621_231004_mobilenet_v2_stacked_13lead_individual/plots/confusion_matrix.png
6,6,1,1,resnet50,resnet,stacked_13lead_individual,resnet50_stacked_13lead_individual,runs/resnet/20260622_060902_resnet50_stacked_13lead_individual,50,50,14,0.8511959927622578,complete,8,0.0001,1e-06,1e-05,cosine,False,10,0.8881118881118881,0.8928571428571428,0.8908570148489504,0.9111111111111111,0.8928571428571428,0.3560293220957233,runs/resnet/20260622_060902_resnet50_stacked_13lead_individual/metrics/test_metrics.json,runs/resnet/20260622_060902_resnet50_stacked_13lead_individual/metrics/confusion_matrix.csv,runs/resnet/20260622_060902_resnet50_stacked_13lead_individual/plots/confusion_matrix.png
7,7,2,2,resnet50,resnet,single_raw_image,resnet50_single_raw_image,runs/resnet/20260622_013326_resnet50_single_raw_image,50,50,9,0.9336908658717169,complete,8,0.0001,1e-06,1e-05,cosine,False,10,0.8811188811188811,0.8805860805860806,0.8771459352434195,0.8884863123993558,0.8805860805860806,0.5874049892792335,runs/resnet/20260622_013326_resnet50_single_raw_image/metrics/test_metrics.json,runs/resnet/20260622_013326_resnet50_single_raw_image/metrics/confusion_matrix.csv,runs/resnet/20260622_013326_resnet50_single_raw_image/plots/confusion_matrix.png
8,9,4,4,mobilenet_v2,mobilenet,stacked_12lead_longlead,mobilenet_v2_stacked_12lead_longlead,runs/mobilenet/20260621_215443_mobilenet_v2_stacked_12lead_longlead,50,50,21,0.853275171624714,complete,8,0.0001,1e-06,1e-05,cosine,False,10,0.8391608391608392,0.8351648351648352,0.8239410387398893,0.8466873706004141,0.8351648351648352,1.2356312158224465,runs/mobilenet/20260621_215443_mobilenet_v2_stacked_12lead_longlead/metrics/test_metrics.json,runs/mobilenet/20260621_215443_mobilenet_v2_stacked_12lead_longlead/metrics/confusion_matrix.csv,runs/mobilenet/20260621_215443_mobilenet_v2_stacked_12lead_longlead/plots/confusion_matrix.png
9,8,3,3,efficientnet_v2_s,efficientnet,single_raw_image,efficientnet_v2_s_single_raw_image,runs/efficientnet/20260622_001937_efficientnet_v2_s_single_raw_image,50,50,14,0.9153084153084153,complete,8,0.0001,1e-06,1e-05,cosine,False,10,0.8321678321678322,0.8353479853479854,0.8304409005628518,0.8671988388969522,0.8353479853479854,0.7631233828467923,runs/efficientnet/20260622_001937_efficientnet_v2_s_single_raw_image/metrics/test_metrics.json,runs/efficientnet/20260622_001937_efficientnet_v2_s_single_raw_image/metrics/confusion_matrix.csv,runs/efficientnet/20260622_001937_efficientnet_v2_s_single_raw_image/plots/confusion_matrix.png
10,10,4,4,efficientnet_v2_s,efficientnet,single_clean_image,efficientnet_v2_s_single_clean_image,runs/efficientnet/20260622_004141_efficientnet_v2_s_single_clean_image,50,50,7,0.9460028718834981,complete,8,0.0001,1e-06,1e-05,cosine,False,10,0.7902097902097902,0.8045787545787546,0.7987036355457408,0.8378056426332288,0.8045787545787546,0.6466207971106043,runs/efficientnet/20260622_004141_efficientnet_v2_s_single_clean_image/metrics/test_metrics.json,runs/efficientnet/20260622_004141_efficientnet_v2_s_single_clean_image/metrics/confusion_matrix.csv,runs/efficientnet/20260622_004141_efficientnet_v2_s_single_clean_image/plots/confusion_matrix.png
11,11,5,5,mobilenet_v2,mobilenet,single_raw_image,mobilenet_v2_single_raw_image,runs/mobilenet/20260621_183351_mobilenet_v2_single_raw_image,50,50,32,0.8630277193171803,complete,8,0.0001,1e-06,1e-05,cosine,False,10,0.7832167832167832,0.7924908424908426,0.7779458439546159,0.8149386845039019,0.7924908424908426,0.48688799559653223,runs/mobilenet/20260621_183351_mobilenet_v2_single_raw_image/metrics/test_metrics.json,runs/mobilenet/20260621_183351_mobilenet_v2_single_raw_image/metrics/confusion_matrix.csv,runs/mobilenet/20260621_183351_mobilenet_v2_single_raw_image/plots/confusion_matrix.png
12,13,3,3,resnet50,resnet,stacked_12lead_longlead,resnet50_stacked_12lead_longlead,runs/resnet/20260622_044727_resnet50_stacked_12lead_longlead,50,50,21,0.8651340047455515,complete,8,0.0001,1e-06,1e-05,cosine,False,10,0.7692307692307693,0.7708791208791208,0.7428544068291258,0.7954593931637605,0.7708791208791208,1.3543216290124984,runs/resnet/20260622_044727_resnet50_stacked_12lead_longlead/metrics/test_metrics.json,runs/resnet/20260622_044727_resnet50_stacked_12lead_longlead/metrics/confusion_matrix.csv,runs/resnet/20260622_044727_resnet50_stacked_12lead_longlead/plots/confusion_matrix.png
13,12,6,6,mobilenet_v2,mobilenet,multibranch_12lead_longlead,mobilenet_v2_multibranch_12lead_longlead,runs/mobilenet/20260621_195109_mobilenet_v2_multibranch_12lead_longlead,50,50,17,0.9172611662531018,complete,8,0.0001,1e-06,1e-05,cosine,False,10,0.7482517482517482,0.7543956043956044,0.7515638759059812,0.83032517354768,0.7543956043956044,0.9177484578889358,runs/mobilenet/20260621_195109_mobilenet_v2_multibranch_12lead_longlead/metrics/test_metrics.json,runs/mobilenet/20260621_195109_mobilenet_v2_multibranch_12lead_longlead/metrics/confusion_matrix.csv,runs/mobilenet/20260621_195109_mobilenet_v2_multibranch_12lead_longlead/plots/confusion_matrix.png
14,14,5,5,efficientnet_v2_s,efficientnet,single_12_lead,efficientnet_v2_s_single_12_lead,runs/efficientnet/20260622_011456_efficientnet_v2_s_single_12_lead,50,50,5,0.7319047619047618,complete,8,0.0001,1e-06,1e-05,cosine,False,10,0.7482517482517482,0.7445054945054944,0.7330644532772193,0.8111849390919158,0.7445054945054944,0.7226303940886384,runs/efficientnet/20260622_011456_efficientnet_v2_s_single_12_lead/metrics/test_metrics.json,runs/efficientnet/20260622_011456_efficientnet_v2_s_single_12_lead/metrics/confusion_matrix.csv,runs/efficientnet/20260622_011456_efficientnet_v2_s_single_12_lead/plots/confusion_matrix.png
15,18,4,4,resnet50,resnet,multibranch_13lead_individual,resnet50_multibranch_13lead_individual,runs/resnet/20260622_044722_resnet50_multibranch_13lead_individual,50,50,14,0.889992562298519,complete,8,0.0001,1e-06,1e-05,cosine,False,10,0.7342657342657343,0.7545787545787546,0.6939740587281571,0.7640826873385013,0.7545787545787546,0.9675079640391824,runs/resnet/20260622_044722_resnet50_multibranch_13lead_individual/metrics/test_metrics.json,runs/resnet/20260622_044722_resnet50_multibranch_13lead_individual/metrics/confusion_matrix.csv,runs/resnet/20260622_044722_resnet50_multibranch_13lead_individual/plots/confusion_matrix.png
16,16,7,8,mobilenet_v2,mobilenet,stacked_6lead_6lead_longlead,mobilenet_v2_stacked_6lead_6lead_longlead,runs/mobilenet/20260621_223239_mobilenet_v2_stacked_6lead_6lead_longlead,50,50,13,0.8458529853614226,complete,8,0.0001,1e-06,1e-05,cosine,False,10,0.7323943661971831,0.7510989010989011,0.6996288995713403,0.8000558867362146,0.7510989010989011,0.8018280649688881,runs/mobilenet/20260621_223239_mobilenet_v2_stacked_6lead_6lead_longlead/metrics/test_metrics.json,runs/mobilenet/20260621_223239_mobilenet_v2_stacked_6lead_6lead_longlead/metrics/confusion_matrix.csv,runs/mobilenet/20260621_223239_mobilenet_v2_stacked_6lead_6lead_longlead/plots/confusion_matrix.png
17,21,5,6,resnet50,resnet,single_12_lead,resnet50_single_12_lead,runs/resnet/20260622_023520_resnet50_single_12_lead,50,50,20,0.8258477633477633,complete,8,0.0001,1e-06,1e-05,cosine,False,10,0.7202797202797203,0.7280219780219781,0.6746323529411765,0.779551920341394,0.7280219780219781,1.3347515234482716,runs/resnet/20260622_023520_resnet50_single_12_lead/metrics/test_metrics.json,runs/resnet/20260622_023520_resnet50_single_12_lead/metrics/confusion_matrix.csv,runs/resnet/20260622_023520_resnet50_single_12_lead/plots/confusion_matrix.png
18,15,8,7,mobilenet_v2,mobilenet,multibranch_6lead_6lead_longlead,mobilenet_v2_multibranch_6lead_6lead_longlead,runs/mobilenet/20260621_202732_mobilenet_v2_multibranch_6lead_6lead_longlead,50,50,14,0.9372746856987146,complete,8,0.0001,1e-06,1e-05,cosine,False,10,0.7132867132867133,0.7111721611721612,0.7031340195652729,0.7828571428571429,0.7111721611721612,0.8392619261374841,runs/mobilenet/20260621_202732_mobilenet_v2_multibranch_6lead_6lead_longlead/metrics/test_metrics.json,runs/mobilenet/20260621_202732_mobilenet_v2_multibranch_6lead_6lead_longlead/metrics/confusion_matrix.csv,runs/mobilenet/20260621_202732_mobilenet_v2_multibranch_6lead_6lead_longlead/plots/confusion_matrix.png
19,17,6,6,efficientnet_v2_s,efficientnet,multibranch_6lead_6lead_longlead,efficientnet_v2_s_multibranch_6lead_6lead_longlead,runs/efficientnet/20260622_024206_efficientnet_v2_s_multibranch_6lead_6lead_longlead,50,50,6,0.8395873833958738,complete,8,0.0001,1e-06,1e-05,cosine,False,10,0.7132867132867133,0.7012820512820512,0.6947507294964922,0.7885686438318017,0.7012820512820512,0.822937119283251,runs/efficientnet/20260622_024206_efficientnet_v2_s_multibranch_6lead_6lead_longlead/metrics/test_metrics.json,runs/efficientnet/20260622_024206_efficientnet_v2_s_multibranch_6lead_6lead_longlead/metrics/confusion_matrix.csv,runs/efficientnet/20260622_024206_efficientnet_v2_s_multibranch_6lead_6lead_longlead/plots/confusion_matrix.png
20,19,7,7,efficientnet_v2_s,efficientnet,stacked_6lead_6lead_longlead,efficientnet_v2_s_stacked_6lead_6lead_longlead,runs/efficientnet/20260622_053346_efficientnet_v2_s_stacked_6lead_6lead_longlead,50,50,7,0.7605836070582842,complete,8,0.0001,1e-06,1e-05,cosine,False,10,0.6901408450704225,0.7124542124542125,0.6898028442146089,0.7807331628303495,0.7124542124542125,0.7464021545060924,runs/efficientnet/20260622_053346_efficientnet_v2_s_stacked_6lead_6lead_longlead/metrics/test_metrics.json,runs/efficientnet/20260622_053346_efficientnet_v2_s_stacked_6lead_6lead_longlead/metrics/confusion_matrix.csv,runs/efficientnet/20260622_053346_efficientnet_v2_s_stacked_6lead_6lead_longlead/plots/confusion_matrix.png
21,20,6,5,resnet50,resnet,stacked_6lead_6lead_longlead,resnet50_stacked_6lead_6lead_longlead,runs/resnet/20260622_052811_resnet50_stacked_6lead_6lead_longlead,50,50,11,0.7185396364641647,complete,8,0.0001,1e-06,1e-05,cosine,False,10,0.6901408450704225,0.697985347985348,0.681560902491135,0.7291339348775531,0.697985347985348,0.9483647403162969,runs/resnet/20260622_052811_resnet50_stacked_6lead_6lead_longlead/metrics/test_metrics.json,runs/resnet/20260622_052811_resnet50_stacked_6lead_6lead_longlead/metrics/confusion_matrix.csv,runs/resnet/20260622_052811_resnet50_stacked_6lead_6lead_longlead/plots/confusion_matrix.png
22,22,7,7,resnet50,resnet,single_clean_image,resnet50_single_clean_image,runs/resnet/20260622_015647_resnet50_single_clean_image,50,50,8,0.8661612441154668,complete,8,0.0001,1e-06,1e-05,cosine,False,10,0.6853146853146853,0.7020146520146521,0.6545680403098338,0.7464869281045752,0.7020146520146521,1.5517915275755463,runs/resnet/20260622_015647_resnet50_single_clean_image/metrics/test_metrics.json,runs/resnet/20260622_015647_resnet50_single_clean_image/metrics/confusion_matrix.csv,runs/resnet/20260622_015647_resnet50_single_clean_image/plots/confusion_matrix.png
23,23,8,8,efficientnet_v2_s,efficientnet,multibranch_12lead_longlead,efficientnet_v2_s_multibranch_12lead_longlead,runs/efficientnet/20260622_015950_efficientnet_v2_s_multibranch_12lead_longlead,50,50,25,0.8468944099378882,complete,8,0.0001,1e-06,1e-05,cosine,False,10,0.6783216783216783,0.6800366300366301,0.6498565323565323,0.7747282608695651,0.6800366300366301,1.1449636854752376,runs/efficientnet/20260622_015950_efficientnet_v2_s_multibranch_12lead_longlead/metrics/test_metrics.json,runs/efficientnet/20260622_015950_efficientnet_v2_s_multibranch_12lead_longlead/metrics/confusion_matrix.csv,runs/efficientnet/20260622_015950_efficientnet_v2_s_multibranch_12lead_longlead/plots/confusion_matrix.png
24,24,9,9,mobilenet_v2,mobilenet,single_12_lead,mobilenet_v2_single_12_lead,runs/mobilenet/20260621_191657_mobilenet_v2_single_12_lead,50,50,7,0.8322458791208791,complete,8,0.0001,1e-06,1e-05,cosine,False,10,0.6643356643356644,0.6780219780219781,0.6339741087691908,0.7451737451737452,0.6780219780219781,1.2240253745275387,runs/mobilenet/20260621_191657_mobilenet_v2_single_12_lead/metrics/test_metrics.json,runs/mobilenet/20260621_191657_mobilenet_v2_single_12_lead/metrics/confusion_matrix.csv,runs/mobilenet/20260621_191657_mobilenet_v2_single_12_lead/plots/confusion_matrix.png
25,25,9,9,efficientnet_v2_s,efficientnet,stacked_12lead_longlead,efficientnet_v2_s_stacked_12lead_longlead,runs/efficientnet/20260622_045153_efficientnet_v2_s_stacked_12lead_longlead,50,50,36,0.860407223420922,complete,8,0.0001,1e-06,1e-05,cosine,False,10,0.6083916083916084,0.6133699633699634,0.5197303921568628,0.45264550264550263,0.6133699633699634,2.0814353052683017,runs/efficientnet/20260622_045153_efficientnet_v2_s_stacked_12lead_longlead/metrics/test_metrics.json,runs/efficientnet/20260622_045153_efficientnet_v2_s_stacked_12lead_longlead/metrics/confusion_matrix.csv,runs/efficientnet/20260622_045153_efficientnet_v2_s_stacked_12lead_longlead/plots/confusion_matrix.png
26,26,10,10,mobilenet_v2,mobilenet,single_long_lead_ii,mobilenet_v2_single_long_lead_ii,runs/mobilenet/20260621_194606_mobilenet_v2_single_long_lead_ii,50,50,1,0.6943343882621055,complete,8,0.0001,1e-06,1e-05,cosine,False,10,0.5244755244755245,0.5005494505494505,0.4120458686100097,0.4270683883309421,0.5005494505494505,1.2635574738879305,runs/mobilenet/20260621_194606_mobilenet_v2_single_long_lead_ii/metrics/test_metrics.json,runs/mobilenet/20260621_194606_mobilenet_v2_single_long_lead_ii/metrics/confusion_matrix.csv,runs/mobilenet/20260621_194606_mobilenet_v2_single_long_lead_ii/plots/confusion_matrix.png
27,27,8,8,resnet50,resnet,multibranch_6lead_6lead_longlead,resnet50_multibranch_6lead_6lead_longlead,runs/resnet/20260622_040138_resnet50_multibranch_6lead_6lead_longlead,50,50,10,0.624537037037037,complete,8,0.0001,1e-06,1e-05,cosine,False,10,0.5104895104895105,0.4957875457875458,0.40681778476589797,0.49498506188647035,0.4957875457875458,1.8224021772092038,runs/resnet/20260622_040138_resnet50_multibranch_6lead_6lead_longlead/metrics/test_metrics.json,runs/resnet/20260622_040138_resnet50_multibranch_6lead_6lead_longlead/metrics/confusion_matrix.csv,runs/resnet/20260622_040138_resnet50_multibranch_6lead_6lead_longlead/plots/confusion_matrix.png
28,28,9,9,resnet50,resnet,single_long_lead_ii,resnet50_single_long_lead_ii,runs/resnet/20260622_031013_resnet50_single_long_lead_ii,50,50,4,0.7165953922021884,complete,8,0.0001,1e-06,1e-05,cosine,False,10,0.48951048951048953,0.47435897435897434,0.3915018315018315,0.3380952380952381,0.47435897435897434,1.6138102128789142,runs/resnet/20260622_031013_resnet50_single_long_lead_ii/metrics/test_metrics.json,runs/resnet/20260622_031013_resnet50_single_long_lead_ii/metrics/confusion_matrix.csv,runs/resnet/20260622_031013_resnet50_single_long_lead_ii/plots/confusion_matrix.png
29,29,10,10,efficientnet_v2_s,efficientnet,single_long_lead_ii,efficientnet_v2_s_single_long_lead_ii,runs/efficientnet/20260622_015058_efficientnet_v2_s_single_long_lead_ii,50,50,13,0.6859774436090226,complete,8,0.0001,1e-06,1e-05,cosine,False,10,0.46153846153846156,0.4456043956043956,0.35839774260826895,0.30337381916329287,0.4456043956043956,2.873425373560065,runs/efficientnet/20260622_015058_efficientnet_v2_s_single_long_lead_ii/metrics/test_metrics.json,runs/efficientnet/20260622_015058_efficientnet_v2_s_single_long_lead_ii/metrics/confusion_matrix.csv,runs/efficientnet/20260622_015058_efficientnet_v2_s_single_long_lead_ii/plots/confusion_matrix.png
30,30,10,10,resnet50,resnet,multibranch_12lead_longlead,resnet50_multibranch_12lead_longlead,runs/resnet/20260622_031852_resnet50_multibranch_12lead_longlead,50,50,10,0.35517598343685297,complete,8,0.0001,1e-06,1e-05,cosine,False,10,0.4405594405594406,0.43131868131868134,0.3495614035087719,0.5098039215686274,0.43131868131868134,2.1946994203787584,runs/resnet/20260622_031852_resnet50_multibranch_12lead_longlead/metrics/test_metrics.json,runs/resnet/20260622_031852_resnet50_multibranch_12lead_longlead/metrics/confusion_matrix.csv,runs/resnet/20260622_031852_resnet50_multibranch_12lead_longlead/plots/confusion_matrix.png
