global_rank_accuracy,global_rank_macro_f1,model_rank_accuracy,model_rank_macro_f1,model_name,run_group,input_scheme,run_name,run_dir,completed_epoch,total_epochs,best_epoch,best_val_macro_f1,status,batch_size,learning_rate,min_learning_rate,weight_decay,scheduler,early_stopping,checkpoint_interval,accuracy,balanced_accuracy,macro_f1,macro_precision,macro_recall,test_loss,all_data_loss,metrics_path,confusion_matrix_path,confusion_matrix_image_path
1,1,1,1,efficientnet_v2_s,efficientnet,multibranch_13lead_individual,20260622_033048_efficientnet_v2_s_multibranch_13lead_individual_all_data,runs/all_data_eval/efficientnet/20260622_033048_efficientnet_v2_s_multibranch_13lead_individual,,50,,,unknown,8,0.0001,1e-06,1e-05,cosine,False,10,0.9989224137931034,0.9989270386266095,0.9987377279102384,0.9985549132947977,0.9989270386266095,,0.010830259143278516,runs/all_data_eval/efficientnet/20260622_033048_efficientnet_v2_s_multibranch_13lead_individual/metrics/all_data_metrics.json,runs/all_data_eval/efficientnet/20260622_033048_efficientnet_v2_s_multibranch_13lead_individual/metrics/all_data_confusion_matrix.csv,runs/all_data_eval/efficientnet/20260622_033048_efficientnet_v2_s_multibranch_13lead_individual/plots/all_data_confusion_matrix.png
2,2,1,1,densenet201,densenet,multibranch_13lead_individual,densenet201_multibranch_13lead_individual_all_data,runs/all_data_eval/densenet/20260622_232928_densenet201_multibranch_13lead_individual,,50,,,unknown,8,0.0001,1e-06,1e-05,cosine,False,10,0.9892241379310345,0.9885189970042834,0.9885611684405206,0.9886882780430271,0.9885189970042834,,0.03834765044779613,runs/all_data_eval/densenet/20260622_232928_densenet201_multibranch_13lead_individual/metrics/all_data_metrics.json,runs/all_data_eval/densenet/20260622_232928_densenet201_multibranch_13lead_individual/metrics/all_data_confusion_matrix.csv,runs/all_data_eval/densenet/20260622_232928_densenet201_multibranch_13lead_individual/plots/all_data_confusion_matrix.png
3,3,1,1,mobilenet_v2,mobilenet,multibranch_13lead_individual,20260621_210532_mobilenet_v2_multibranch_13lead_individual_all_data,runs/all_data_eval/mobilenet/20260621_210532_mobilenet_v2_multibranch_13lead_individual,,50,,,unknown,8,0.0001,1e-06,1e-05,cosine,False,10,0.9859913793103449,0.9855059382988222,0.9859610981800337,0.9866602524021069,0.9855059382988222,,0.0356615063702238,runs/all_data_eval/mobilenet/20260621_210532_mobilenet_v2_multibranch_13lead_individual/metrics/all_data_metrics.json,runs/all_data_eval/mobilenet/20260621_210532_mobilenet_v2_multibranch_13lead_individual/metrics/all_data_confusion_matrix.csv,runs/all_data_eval/mobilenet/20260621_210532_mobilenet_v2_multibranch_13lead_individual/plots/all_data_confusion_matrix.png
4,4,2,2,densenet201,densenet,stacked_13lead_individual,20260626_055149_densenet201_stacked_13lead_individual_all_data,runs/all_data_eval/densenet/20260626_055149_densenet201_stacked_13lead_individual,,50,,,unknown,8,0.0001,1e-06,1e-05,cosine,False,10,0.9816810344827587,0.9802375486575506,0.9814837871488118,0.9832266477003319,0.9802375486575506,,0.06846013922115853,runs/all_data_eval/densenet/20260626_055149_densenet201_stacked_13lead_individual/metrics/all_data_metrics.json,runs/all_data_eval/densenet/20260626_055149_densenet201_stacked_13lead_individual/metrics/all_data_confusion_matrix.csv,runs/all_data_eval/densenet/20260626_055149_densenet201_stacked_13lead_individual/plots/all_data_confusion_matrix.png
5,5,2,2,mobilenet_v2,mobilenet,single_clean_image,20260621_184656_mobilenet_v2_single_clean_image_all_data,runs/all_data_eval/mobilenet/20260621_184656_mobilenet_v2_single_clean_image,,50,,,unknown,8,0.0001,1e-06,1e-05,cosine,False,10,0.9806034482758621,0.9812972095313677,0.9812987477271536,0.981495904705987,0.9812972095313677,,0.06523322763627973,runs/all_data_eval/mobilenet/20260621_184656_mobilenet_v2_single_clean_image/metrics/all_data_metrics.json,runs/all_data_eval/mobilenet/20260621_184656_mobilenet_v2_single_clean_image/metrics/all_data_confusion_matrix.csv,runs/all_data_eval/mobilenet/20260621_184656_mobilenet_v2_single_clean_image/plots/all_data_confusion_matrix.png
6,6,2,2,efficientnet_v2_s,efficientnet,stacked_13lead_individual,20260622_061523_efficientnet_v2_s_stacked_13lead_individual_all_data,runs/all_data_eval/efficientnet/20260622_061523_efficientnet_v2_s_stacked_13lead_individual,,50,,,unknown,8,0.0001,1e-06,1e-05,cosine,False,10,0.9795258620689655,0.9790681700584788,0.9795094852768079,0.9801947351607275,0.9790681700584788,,0.09901426128786185,runs/all_data_eval/efficientnet/20260622_061523_efficientnet_v2_s_stacked_13lead_individual/metrics/all_data_metrics.json,runs/all_data_eval/efficientnet/20260622_061523_efficientnet_v2_s_stacked_13lead_individual/metrics/all_data_confusion_matrix.csv,runs/all_data_eval/efficientnet/20260622_061523_efficientnet_v2_s_stacked_13lead_individual/plots/all_data_confusion_matrix.png
7,7,3,3,mobilenet_v2,mobilenet,stacked_13lead_individual,20260621_231004_mobilenet_v2_stacked_13lead_individual_all_data,runs/all_data_eval/mobilenet/20260621_231004_mobilenet_v2_stacked_13lead_individual,,50,,,unknown,8,0.0001,1e-06,1e-05,cosine,False,10,0.9773706896551724,0.9751846491665835,0.9766566942533969,0.9786703816115581,0.9751846491665835,,0.14494560915848304,runs/all_data_eval/mobilenet/20260621_231004_mobilenet_v2_stacked_13lead_individual/metrics/all_data_metrics.json,runs/all_data_eval/mobilenet/20260621_231004_mobilenet_v2_stacked_13lead_individual/metrics/all_data_confusion_matrix.csv,runs/all_data_eval/mobilenet/20260621_231004_mobilenet_v2_stacked_13lead_individual/plots/all_data_confusion_matrix.png
8,8,1,1,resnet50,resnet,single_raw_image,20260622_013326_resnet50_single_raw_image_all_data,runs/all_data_eval/resnet/20260622_013326_resnet50_single_raw_image,,50,,,unknown,8,0.0001,1e-06,1e-05,cosine,False,10,0.9730603448275862,0.9703569045615146,0.9709770625225137,0.9721610892913574,0.9703569045615146,,0.13685709443585625,runs/all_data_eval/resnet/20260622_013326_resnet50_single_raw_image/metrics/all_data_metrics.json,runs/all_data_eval/resnet/20260622_013326_resnet50_single_raw_image/metrics/all_data_confusion_matrix.csv,runs/all_data_eval/resnet/20260622_013326_resnet50_single_raw_image/plots/all_data_confusion_matrix.png
10,9,4,3,densenet201,densenet,single_clean_image,20260622_195751_densenet201_single_clean_image_all_data,runs/all_data_eval/densenet/20260622_195751_densenet201_single_clean_image,,50,,,unknown,8,0.0001,1e-06,1e-05,cosine,False,10,0.9676724137931034,0.9652075878448663,0.9674713345826403,0.9716164644950253,0.9652075878448663,,0.08581769633395918,runs/all_data_eval/densenet/20260622_195751_densenet201_single_clean_image/metrics/all_data_metrics.json,runs/all_data_eval/densenet/20260622_195751_densenet201_single_clean_image/metrics/all_data_confusion_matrix.csv,runs/all_data_eval/densenet/20260622_195751_densenet201_single_clean_image/plots/all_data_confusion_matrix.png
9,10,3,4,densenet201,densenet,single_raw_image,20260622_192903_densenet201_single_raw_image_all_data,runs/all_data_eval/densenet/20260622_192903_densenet201_single_raw_image,,50,,,unknown,8,0.0001,1e-06,1e-05,cosine,False,10,0.9698275862068966,0.9692250217544411,0.967066759405469,0.9653146623871892,0.9692250217544411,,0.12647031992673874,runs/all_data_eval/densenet/20260622_192903_densenet201_single_raw_image/metrics/all_data_metrics.json,runs/all_data_eval/densenet/20260622_192903_densenet201_single_raw_image/metrics/all_data_confusion_matrix.csv,runs/all_data_eval/densenet/20260622_192903_densenet201_single_raw_image/plots/all_data_confusion_matrix.png
11,11,3,3,efficientnet_v2_s,efficientnet,single_raw_image,20260622_001937_efficientnet_v2_s_single_raw_image_all_data,runs/all_data_eval/efficientnet/20260622_001937_efficientnet_v2_s_single_raw_image,,50,,,unknown,8,0.0001,1e-06,1e-05,cosine,False,10,0.9633620689655172,0.9597693289873996,0.9613502834221141,0.964664592570019,0.9597693289873996,,0.20271409508483162,runs/all_data_eval/efficientnet/20260622_001937_efficientnet_v2_s_single_raw_image/metrics/all_data_metrics.json,runs/all_data_eval/efficientnet/20260622_001937_efficientnet_v2_s_single_raw_image/metrics/all_data_confusion_matrix.csv,runs/all_data_eval/efficientnet/20260622_001937_efficientnet_v2_s_single_raw_image/plots/all_data_confusion_matrix.png
12,12,2,2,resnet50,resnet,stacked_13lead_individual,20260622_060902_resnet50_stacked_13lead_individual_all_data,runs/all_data_eval/resnet/20260622_060902_resnet50_stacked_13lead_individual,,50,,,unknown,8,0.0001,1e-06,1e-05,cosine,False,10,0.9601293103448276,0.9609468996354624,0.9609813816435722,0.9625230757903043,0.9609468996354624,,0.1888955331824977,runs/all_data_eval/resnet/20260622_060902_resnet50_stacked_13lead_individual/metrics/all_data_metrics.json,runs/all_data_eval/resnet/20260622_060902_resnet50_stacked_13lead_individual/metrics/all_data_confusion_matrix.csv,runs/all_data_eval/resnet/20260622_060902_resnet50_stacked_13lead_individual/plots/all_data_confusion_matrix.png
13,13,4,4,efficientnet_v2_s,efficientnet,single_clean_image,20260622_004141_efficientnet_v2_s_single_clean_image_all_data,runs/all_data_eval/efficientnet/20260622_004141_efficientnet_v2_s_single_clean_image,,50,,,unknown,8,0.0001,1e-06,1e-05,cosine,False,10,0.9601293103448276,0.9603750443254404,0.9598714956073799,0.9610076541359719,0.9603750443254404,,0.13415773765280328,runs/all_data_eval/efficientnet/20260622_004141_efficientnet_v2_s_single_clean_image/metrics/all_data_metrics.json,runs/all_data_eval/efficientnet/20260622_004141_efficientnet_v2_s_single_clean_image/metrics/all_data_confusion_matrix.csv,runs/all_data_eval/efficientnet/20260622_004141_efficientnet_v2_s_single_clean_image/plots/all_data_confusion_matrix.png
14,14,4,4,mobilenet_v2,mobilenet,stacked_12lead_longlead,20260621_215443_mobilenet_v2_stacked_12lead_longlead_all_data,runs/all_data_eval/mobilenet/20260621_215443_mobilenet_v2_stacked_12lead_longlead,,50,,,unknown,8,0.0001,1e-06,1e-05,cosine,False,10,0.9579741379310345,0.9509749467643276,0.9533538061218678,0.957864207051438,0.9509749467643276,,0.25301708345269336,runs/all_data_eval/mobilenet/20260621_215443_mobilenet_v2_stacked_12lead_longlead/metrics/all_data_metrics.json,runs/all_data_eval/mobilenet/20260621_215443_mobilenet_v2_stacked_12lead_longlead/metrics/all_data_confusion_matrix.csv,runs/all_data_eval/mobilenet/20260621_215443_mobilenet_v2_stacked_12lead_longlead/plots/all_data_confusion_matrix.png
16,15,5,5,densenet201,densenet,multibranch_12lead_longlead,20260622_213446_densenet201_multibranch_12lead_longlead_all_data,runs/all_data_eval/densenet/20260622_213446_densenet201_multibranch_12lead_longlead,,50,,,unknown,8,0.0001,1e-06,1e-05,cosine,False,10,0.947198275862069,0.9486652506798459,0.9483486328490761,0.949230902865506,0.9486652506798459,,0.19836133178965798,runs/all_data_eval/densenet/20260622_213446_densenet201_multibranch_12lead_longlead/metrics/all_data_metrics.json,runs/all_data_eval/densenet/20260622_213446_densenet201_multibranch_12lead_longlead/metrics/all_data_confusion_matrix.csv,runs/all_data_eval/densenet/20260622_213446_densenet201_multibranch_12lead_longlead/plots/all_data_confusion_matrix.png
15,16,5,5,mobilenet_v2,mobilenet,single_raw_image,20260621_183351_mobilenet_v2_single_raw_image_all_data,runs/all_data_eval/mobilenet/20260621_183351_mobilenet_v2_single_raw_image,,50,,,unknown,8,0.0001,1e-06,1e-05,cosine,False,10,0.9482758620689655,0.9480269053710437,0.9439698748549625,0.9431587953127554,0.9480269053710437,,0.22983605555933098,runs/all_data_eval/mobilenet/20260621_183351_mobilenet_v2_single_raw_image/metrics/all_data_metrics.json,runs/all_data_eval/mobilenet/20260621_183351_mobilenet_v2_single_raw_image/metrics/all_data_confusion_matrix.csv,runs/all_data_eval/mobilenet/20260621_183351_mobilenet_v2_single_raw_image/plots/all_data_confusion_matrix.png
17,17,3,3,resnet50,resnet,stacked_12lead_longlead,20260622_044727_resnet50_stacked_12lead_longlead_all_data,runs/all_data_eval/resnet/20260622_044727_resnet50_stacked_12lead_longlead,,50,,,unknown,8,0.0001,1e-06,1e-05,cosine,False,10,0.9461206896551724,0.9437939813111644,0.9405199886124711,0.9412368950084627,0.9437939813111644,,0.2904472592575797,runs/all_data_eval/resnet/20260622_044727_resnet50_stacked_12lead_longlead/metrics/all_data_metrics.json,runs/all_data_eval/resnet/20260622_044727_resnet50_stacked_12lead_longlead/metrics/all_data_confusion_matrix.csv,runs/all_data_eval/resnet/20260622_044727_resnet50_stacked_12lead_longlead/plots/all_data_confusion_matrix.png
18,18,4,4,resnet50,resnet,multibranch_13lead_individual,20260622_044722_resnet50_multibranch_13lead_individual_all_data,runs/all_data_eval/resnet/20260622_044722_resnet50_multibranch_13lead_individual,,50,,,unknown,8,0.0001,1e-06,1e-05,cosine,False,10,0.9407327586206896,0.9405521319558253,0.9401183174079483,0.9433812126597222,0.9405521319558253,,0.22877552013458877,runs/all_data_eval/resnet/20260622_044722_resnet50_multibranch_13lead_individual/metrics/all_data_metrics.json,runs/all_data_eval/resnet/20260622_044722_resnet50_multibranch_13lead_individual/metrics/all_data_confusion_matrix.csv,runs/all_data_eval/resnet/20260622_044722_resnet50_multibranch_13lead_individual/plots/all_data_confusion_matrix.png
20,19,6,6,mobilenet_v2,mobilenet,stacked_6lead_6lead_longlead,20260621_223239_mobilenet_v2_stacked_6lead_6lead_longlead_all_data,runs/all_data_eval/mobilenet/20260621_223239_mobilenet_v2_stacked_6lead_6lead_longlead,,50,,,unknown,8,0.0001,1e-06,1e-05,cosine,False,10,0.9364224137931034,0.9366283742955683,0.936397333926015,0.940514795915066,0.9366283742955683,,0.2911458797752857,runs/all_data_eval/mobilenet/20260621_223239_mobilenet_v2_stacked_6lead_6lead_longlead/metrics/all_data_metrics.json,runs/all_data_eval/mobilenet/20260621_223239_mobilenet_v2_stacked_6lead_6lead_longlead/metrics/all_data_confusion_matrix.csv,runs/all_data_eval/mobilenet/20260621_223239_mobilenet_v2_stacked_6lead_6lead_longlead/plots/all_data_confusion_matrix.png
19,20,6,6,densenet201,densenet,multibranch_6lead_6lead_longlead,20260622_222833_densenet201_multibranch_6lead_6lead_longlead_all_data,runs/all_data_eval/densenet/20260622_222833_densenet201_multibranch_6lead_6lead_longlead,,50,,,unknown,8,0.0001,1e-06,1e-05,cosine,False,10,0.9375,0.9321757390700142,0.9359252768472626,0.9478609141336753,0.9321757390700142,,0.1871153211285328,runs/all_data_eval/densenet/20260622_222833_densenet201_multibranch_6lead_6lead_longlead/metrics/all_data_metrics.json,runs/all_data_eval/densenet/20260622_222833_densenet201_multibranch_6lead_6lead_longlead/metrics/all_data_confusion_matrix.csv,runs/all_data_eval/densenet/20260622_222833_densenet201_multibranch_6lead_6lead_longlead/plots/all_data_confusion_matrix.png
23,21,8,7,densenet201,densenet,single_12_lead,20260622_203908_densenet201_single_12_lead_all_data,runs/all_data_eval/densenet/20260622_203908_densenet201_single_12_lead,,50,,,unknown,8,0.0001,1e-06,1e-05,cosine,False,10,0.9288793103448276,0.9291349162150285,0.9296889563711188,0.9356681965076125,0.9291349162150285,,0.33027149479964685,runs/all_data_eval/densenet/20260622_203908_densenet201_single_12_lead/metrics/all_data_metrics.json,runs/all_data_eval/densenet/20260622_203908_densenet201_single_12_lead/metrics/all_data_confusion_matrix.csv,runs/all_data_eval/densenet/20260622_203908_densenet201_single_12_lead/plots/all_data_confusion_matrix.png
21,22,5,5,resnet50,resnet,single_12_lead,20260622_023520_resnet50_single_12_lead_all_data,runs/all_data_eval/resnet/20260622_023520_resnet50_single_12_lead,,50,,,unknown,8,0.0001,1e-06,1e-05,cosine,False,10,0.9331896551724138,0.9324958384949908,0.9293474517517714,0.9335903059511595,0.9324958384949908,,0.37813874552475996,runs/all_data_eval/resnet/20260622_023520_resnet50_single_12_lead/metrics/all_data_metrics.json,runs/all_data_eval/resnet/20260622_023520_resnet50_single_12_lead/metrics/all_data_confusion_matrix.csv,runs/all_data_eval/resnet/20260622_023520_resnet50_single_12_lead/plots/all_data_confusion_matrix.png
24,23,7,7,mobilenet_v2,mobilenet,multibranch_6lead_6lead_longlead,20260621_202732_mobilenet_v2_multibranch_6lead_6lead_longlead_all_data,runs/all_data_eval/mobilenet/20260621_202732_mobilenet_v2_multibranch_6lead_6lead_longlead,,50,,,unknown,8,0.0001,1e-06,1e-05,cosine,False,10,0.927801724137931,0.9240315299687151,0.9281183507973477,0.9359472520792103,0.9240315299687151,,0.21478920686861563,runs/all_data_eval/mobilenet/20260621_202732_mobilenet_v2_multibranch_6lead_6lead_longlead/metrics/all_data_metrics.json,runs/all_data_eval/mobilenet/20260621_202732_mobilenet_v2_multibranch_6lead_6lead_longlead/metrics/all_data_confusion_matrix.csv,runs/all_data_eval/mobilenet/20260621_202732_mobilenet_v2_multibranch_6lead_6lead_longlead/plots/all_data_confusion_matrix.png
22,24,7,8,densenet201,densenet,stacked_12lead_longlead,20260626_041835_densenet201_stacked_12lead_longlead_all_data,runs/all_data_eval/densenet/20260626_041835_densenet201_stacked_12lead_longlead,,50,,,unknown,8,0.0001,1e-06,1e-05,cosine,False,10,0.9321120689655172,0.9274021169842712,0.9252434865388632,0.9294171196213475,0.9274021169842712,,0.27799521553619155,runs/all_data_eval/densenet/20260626_041835_densenet201_stacked_12lead_longlead/metrics/all_data_metrics.json,runs/all_data_eval/densenet/20260626_041835_densenet201_stacked_12lead_longlead/metrics/all_data_confusion_matrix.csv,runs/all_data_eval/densenet/20260626_041835_densenet201_stacked_12lead_longlead/plots/all_data_confusion_matrix.png
25,25,6,6,resnet50,resnet,single_clean_image,20260622_015647_resnet50_single_clean_image_all_data,runs/all_data_eval/resnet/20260622_015647_resnet50_single_clean_image,,50,,,unknown,8,0.0001,1e-06,1e-05,cosine,False,10,0.927801724137931,0.9276862602107325,0.9245002314133213,0.9265183961882142,0.9276862602107325,,0.33842932188819197,runs/all_data_eval/resnet/20260622_015647_resnet50_single_clean_image/metrics/all_data_metrics.json,runs/all_data_eval/resnet/20260622_015647_resnet50_single_clean_image/metrics/all_data_confusion_matrix.csv,runs/all_data_eval/resnet/20260622_015647_resnet50_single_clean_image/plots/all_data_confusion_matrix.png
29,26,9,8,mobilenet_v2,mobilenet,multibranch_12lead_longlead,20260621_195109_mobilenet_v2_multibranch_12lead_longlead_all_data,runs/all_data_eval/mobilenet/20260621_195109_mobilenet_v2_multibranch_12lead_longlead,,50,,,unknown,8,0.0001,1e-06,1e-05,cosine,False,10,0.9191810344827587,0.9173553063428999,0.9241305718366973,0.9375799008912888,0.9173553063428999,,0.28136999365584603,runs/all_data_eval/mobilenet/20260621_195109_mobilenet_v2_multibranch_12lead_longlead/metrics/all_data_metrics.json,runs/all_data_eval/mobilenet/20260621_195109_mobilenet_v2_multibranch_12lead_longlead/metrics/all_data_confusion_matrix.csv,runs/all_data_eval/mobilenet/20260621_195109_mobilenet_v2_multibranch_12lead_longlead/plots/all_data_confusion_matrix.png
27,27,5,5,efficientnet_v2_s,efficientnet,single_12_lead,20260622_011456_efficientnet_v2_s_single_12_lead_all_data,runs/all_data_eval/efficientnet/20260622_011456_efficientnet_v2_s_single_12_lead,,50,,,unknown,8,0.0001,1e-06,1e-05,cosine,False,10,0.9245689655172413,0.9227753988795558,0.9235626202102631,0.932197034891018,0.9227753988795558,,0.26490334549854544,runs/all_data_eval/efficientnet/20260622_011456_efficientnet_v2_s_single_12_lead/metrics/all_data_metrics.json,runs/all_data_eval/efficientnet/20260622_011456_efficientnet_v2_s_single_12_lead/metrics/all_data_confusion_matrix.csv,runs/all_data_eval/efficientnet/20260622_011456_efficientnet_v2_s_single_12_lead/plots/all_data_confusion_matrix.png
26,28,8,9,mobilenet_v2,mobilenet,single_12_lead,20260621_191657_mobilenet_v2_single_12_lead_all_data,runs/all_data_eval/mobilenet/20260621_191657_mobilenet_v2_single_12_lead,,50,,,unknown,8,0.0001,1e-06,1e-05,cosine,False,10,0.9256465517241379,0.9269022409781601,0.9230570137280011,0.9270294666864053,0.9269022409781601,,0.28215262807648755,runs/all_data_eval/mobilenet/20260621_191657_mobilenet_v2_single_12_lead/metrics/all_data_metrics.json,runs/all_data_eval/mobilenet/20260621_191657_mobilenet_v2_single_12_lead/metrics/all_data_confusion_matrix.csv,runs/all_data_eval/mobilenet/20260621_191657_mobilenet_v2_single_12_lead/plots/all_data_confusion_matrix.png
30,29,7,6,efficientnet_v2_s,efficientnet,stacked_6lead_6lead_longlead,20260622_053346_efficientnet_v2_s_stacked_6lead_6lead_longlead_all_data,runs/all_data_eval/efficientnet/20260622_053346_efficientnet_v2_s_stacked_6lead_6lead_longlead,,50,,,unknown,8,0.0001,1e-06,1e-05,cosine,False,10,0.9170258620689655,0.9204248807753217,0.91814838281509,0.9260686641092195,0.9204248807753217,,0.2750387392167387,runs/all_data_eval/efficientnet/20260622_053346_efficientnet_v2_s_stacked_6lead_6lead_longlead/metrics/all_data_metrics.json,runs/all_data_eval/efficientnet/20260622_053346_efficientnet_v2_s_stacked_6lead_6lead_longlead/metrics/all_data_confusion_matrix.csv,runs/all_data_eval/efficientnet/20260622_053346_efficientnet_v2_s_stacked_6lead_6lead_longlead/plots/all_data_confusion_matrix.png
28,30,6,7,efficientnet_v2_s,efficientnet,stacked_12lead_longlead,20260622_045153_efficientnet_v2_s_stacked_12lead_longlead_all_data,runs/all_data_eval/efficientnet/20260622_045153_efficientnet_v2_s_stacked_12lead_longlead,,50,,,unknown,8,0.0001,1e-06,1e-05,cosine,False,10,0.9213362068965517,0.9172636880315754,0.9142950571724111,0.9181332342448323,0.9172636880315754,,0.4245721019547561,runs/all_data_eval/efficientnet/20260622_045153_efficientnet_v2_s_stacked_12lead_longlead/metrics/all_data_metrics.json,runs/all_data_eval/efficientnet/20260622_045153_efficientnet_v2_s_stacked_12lead_longlead/metrics/all_data_confusion_matrix.csv,runs/all_data_eval/efficientnet/20260622_045153_efficientnet_v2_s_stacked_12lead_longlead/plots/all_data_confusion_matrix.png
32,31,7,7,resnet50,resnet,stacked_6lead_6lead_longlead,20260622_052811_resnet50_stacked_6lead_6lead_longlead_all_data,runs/all_data_eval/resnet/20260622_052811_resnet50_stacked_6lead_6lead_longlead,,50,,,unknown,8,0.0001,1e-06,1e-05,cosine,False,10,0.9137931034482759,0.9151093306064578,0.9142702164884111,0.920902874229153,0.9151093306064578,,0.3120958171784878,runs/all_data_eval/resnet/20260622_052811_resnet50_stacked_6lead_6lead_longlead/metrics/all_data_metrics.json,runs/all_data_eval/resnet/20260622_052811_resnet50_stacked_6lead_6lead_longlead/metrics/all_data_confusion_matrix.csv,runs/all_data_eval/resnet/20260622_052811_resnet50_stacked_6lead_6lead_longlead/plots/all_data_confusion_matrix.png
31,32,9,9,densenet201,densenet,stacked_6lead_6lead_longlead,20260626_050521_densenet201_stacked_6lead_6lead_longlead_all_data,runs/all_data_eval/densenet/20260626_050521_densenet201_stacked_6lead_6lead_longlead,,50,,,unknown,8,0.0001,1e-06,1e-05,cosine,False,10,0.9148706896551724,0.9155814424630446,0.9120999356160504,0.9127169140465898,0.9155814424630446,,0.2706883968464259,runs/all_data_eval/densenet/20260626_050521_densenet201_stacked_6lead_6lead_longlead/metrics/all_data_metrics.json,runs/all_data_eval/densenet/20260626_050521_densenet201_stacked_6lead_6lead_longlead/metrics/all_data_confusion_matrix.csv,runs/all_data_eval/densenet/20260626_050521_densenet201_stacked_6lead_6lead_longlead/plots/all_data_confusion_matrix.png
34,33,10,10,densenet201,densenet,single_long_lead_ii,20260622_212056_densenet201_single_long_lead_ii_all_data,runs/all_data_eval/densenet/20260622_212056_densenet201_single_long_lead_ii,,50,,,unknown,8,0.0001,1e-06,1e-05,cosine,False,10,0.8879310344827587,0.8781219816357995,0.8805397182474515,0.889616882874823,0.8781219816357995,,0.5274041250091175,runs/all_data_eval/densenet/20260622_212056_densenet201_single_long_lead_ii/metrics/all_data_metrics.json,runs/all_data_eval/densenet/20260622_212056_densenet201_single_long_lead_ii/metrics/all_data_confusion_matrix.csv,runs/all_data_eval/densenet/20260622_212056_densenet201_single_long_lead_ii/plots/all_data_confusion_matrix.png
36,34,9,8,efficientnet_v2_s,efficientnet,multibranch_12lead_longlead,20260622_015950_efficientnet_v2_s_multibranch_12lead_longlead_all_data,runs/all_data_eval/efficientnet/20260622_015950_efficientnet_v2_s_multibranch_12lead_longlead,,50,,,unknown,8,0.0001,1e-06,1e-05,cosine,False,10,0.8793103448275862,0.8753326051296338,0.8790829227414767,0.9071410873743455,0.8753326051296338,,0.387040882146564,runs/all_data_eval/efficientnet/20260622_015950_efficientnet_v2_s_multibranch_12lead_longlead/metrics/all_data_metrics.json,runs/all_data_eval/efficientnet/20260622_015950_efficientnet_v2_s_multibranch_12lead_longlead/metrics/all_data_confusion_matrix.csv,runs/all_data_eval/efficientnet/20260622_015950_efficientnet_v2_s_multibranch_12lead_longlead/plots/all_data_confusion_matrix.png
33,35,8,9,efficientnet_v2_s,efficientnet,multibranch_6lead_6lead_longlead,20260622_024206_efficientnet_v2_s_multibranch_6lead_6lead_longlead_all_data,runs/all_data_eval/efficientnet/20260622_024206_efficientnet_v2_s_multibranch_6lead_6lead_longlead,,50,,,unknown,8,0.0001,1e-06,1e-05,cosine,False,10,0.8911637931034483,0.8700466013331226,0.8786060915937657,0.9125522435711384,0.8700466013331226,,0.3568076840762434,runs/all_data_eval/efficientnet/20260622_024206_efficientnet_v2_s_multibranch_6lead_6lead_longlead/metrics/all_data_metrics.json,runs/all_data_eval/efficientnet/20260622_024206_efficientnet_v2_s_multibranch_6lead_6lead_longlead/metrics/all_data_confusion_matrix.csv,runs/all_data_eval/efficientnet/20260622_024206_efficientnet_v2_s_multibranch_6lead_6lead_longlead/plots/all_data_confusion_matrix.png
35,36,8,8,resnet50,resnet,single_long_lead_ii,20260622_031013_resnet50_single_long_lead_ii_all_data,runs/all_data_eval/resnet/20260622_031013_resnet50_single_long_lead_ii,,50,,,unknown,8,0.0001,1e-06,1e-05,cosine,False,10,0.8836206896551724,0.8711519500479291,0.8752827579412461,0.8863290574340453,0.8711519500479291,,0.39787556565013427,runs/all_data_eval/resnet/20260622_031013_resnet50_single_long_lead_ii/metrics/all_data_metrics.json,runs/all_data_eval/resnet/20260622_031013_resnet50_single_long_lead_ii/metrics/all_data_confusion_matrix.csv,runs/all_data_eval/resnet/20260622_031013_resnet50_single_long_lead_ii/plots/all_data_confusion_matrix.png
37,37,10,10,efficientnet_v2_s,efficientnet,single_long_lead_ii,20260622_015058_efficientnet_v2_s_single_long_lead_ii_all_data,runs/all_data_eval/efficientnet/20260622_015058_efficientnet_v2_s_single_long_lead_ii,,50,,,unknown,8,0.0001,1e-06,1e-05,cosine,False,10,0.8760775862068966,0.8661592020479022,0.8682601989056977,0.8790312467295318,0.8661592020479022,,0.6084588074992443,runs/all_data_eval/efficientnet/20260622_015058_efficientnet_v2_s_single_long_lead_ii/metrics/all_data_metrics.json,runs/all_data_eval/efficientnet/20260622_015058_efficientnet_v2_s_single_long_lead_ii/metrics/all_data_confusion_matrix.csv,runs/all_data_eval/efficientnet/20260622_015058_efficientnet_v2_s_single_long_lead_ii/plots/all_data_confusion_matrix.png
38,38,10,10,mobilenet_v2,mobilenet,single_long_lead_ii,20260621_194606_mobilenet_v2_single_long_lead_ii_all_data,runs/all_data_eval/mobilenet/20260621_194606_mobilenet_v2_single_long_lead_ii,,50,,,unknown,8,0.0001,1e-06,1e-05,cosine,False,10,0.8351293103448276,0.8057304762003522,0.8142984766226204,0.8570464306670935,0.8057304762003522,,0.514254722101935,runs/all_data_eval/mobilenet/20260621_194606_mobilenet_v2_single_long_lead_ii/metrics/all_data_metrics.json,runs/all_data_eval/mobilenet/20260621_194606_mobilenet_v2_single_long_lead_ii/metrics/all_data_confusion_matrix.csv,runs/all_data_eval/mobilenet/20260621_194606_mobilenet_v2_single_long_lead_ii/plots/all_data_confusion_matrix.png
39,39,9,9,resnet50,resnet,multibranch_6lead_6lead_longlead,20260622_040138_resnet50_multibranch_6lead_6lead_longlead_all_data,runs/all_data_eval/resnet/20260622_040138_resnet50_multibranch_6lead_6lead_longlead,,50,,,unknown,8,0.0001,1e-06,1e-05,cosine,False,10,0.6476293103448276,0.6089919510346806,0.5779601719945106,0.7873643053738677,0.6089919510346806,,1.3734222600429222,runs/all_data_eval/resnet/20260622_040138_resnet50_multibranch_6lead_6lead_longlead/metrics/all_data_metrics.json,runs/all_data_eval/resnet/20260622_040138_resnet50_multibranch_6lead_6lead_longlead/metrics/all_data_confusion_matrix.csv,runs/all_data_eval/resnet/20260622_040138_resnet50_multibranch_6lead_6lead_longlead/plots/all_data_confusion_matrix.png
40,40,10,10,resnet50,resnet,multibranch_12lead_longlead,20260622_031852_resnet50_multibranch_12lead_longlead_all_data,runs/all_data_eval/resnet/20260622_031852_resnet50_multibranch_12lead_longlead,,50,,,unknown,8,0.0001,1e-06,1e-05,cosine,False,10,0.5043103448275862,0.47550279505770904,0.442757943488577,0.7739044233556565,0.47550279505770904,,1.5928196300720345,runs/all_data_eval/resnet/20260622_031852_resnet50_multibranch_12lead_longlead/metrics/all_data_metrics.json,runs/all_data_eval/resnet/20260622_031852_resnet50_multibranch_12lead_longlead/metrics/all_data_confusion_matrix.csv,runs/all_data_eval/resnet/20260622_031852_resnet50_multibranch_12lead_longlead/plots/all_data_confusion_matrix.png
